model,id,name
inventory.brand,1,361
inventory.brand,2,143 girl
inventory.brand,3,143 gir
inventory.brand,4,2 lips too
inventory.brand,5,79 scii
inventory.brand,6,9 degree by refex
inventory.brand,7,a.n.a
inventory.brand,8,a.x.n.y.
inventory.brand,9,a2 by aerosoes
inventory.brand,10,abound
inventory.brand,11,acacia
inventory.brand,12,academie gear
inventory.brand,13,acorn
inventory.brand,14,adam tucker
inventory.brand,15,adi
inventory.brand,16,adidas
inventory.brand,17,adidas outdoor
inventory.brand,18,adieu
inventory.brand,19,adriana
inventory.brand,20,adriana york
inventory.brand,21,adrienne vittadini
inventory.brand,22,adtec
inventory.brand,23,aeropostae
inventory.brand,24,aerosoes
inventory.brand,25,agl
inventory.brand,26,ahnu
inventory.brand,27,aberto fermini
inventory.brand,28,ado
inventory.brand,29,aegria
inventory.brand,30,aexander mcqueen
inventory.brand,31,aexander mcqueen by puma
inventory.brand,32,aexander wang
inventory.brand,33,aexandre birman
inventory.brand,34,afani
inventory.brand,35,aice & oivia
inventory.brand,36,a 
inventory.brand,37,aegra k
inventory.brand,38,ama danza x3 series
inventory.brand,39,apine
inventory.brand,40,apine swiss
inventory.brand,41,atra footwear
inventory.brand,42,amalfi by rangoni
inventory.brand,43,amafi by rangoni
inventory.brand,44,american eage
inventory.brand,45,american rag
inventory.brand,46,ami
inventory.brand,47,amoonyfashion
inventory.brand,48,anarchic by t.u.k.
inventory.brand,49,andre assous
inventory.brand,50,andrew geer
inventory.brand,51,andrew stevens
inventory.brand,52,ann creek
inventory.brand,53,ann marino
inventory.brand,54,anna
inventory.brand,55,anne klein
inventory.brand,56,anne klein ak
inventory.brand,57,anne klein sport
inventory.brand,58,anne michee
inventory.brand,59,annie
inventory.brand,60,annie shoes
inventory.brand,61,anteope
inventory.brand,62,antigravity by easy spirit
inventory.brand,63,antonio meani
inventory.brand,64,anyi lu
inventory.brand,65,anywear
inventory.brand,66,apex
inventory.brand,67,aquataia
inventory.brand,68,ara
inventory.brand,69,aravon
inventory.brand,70,arche
inventory.brand,71,arcopedico
inventory.brand,72,ariat
inventory.brand,73,arider
inventory.brand,74,arizona jean company
inventory.brand,75,array
inventory.brand,76,arturo chiang
inventory.brand,77,as by ksc
inventory.brand,78,ash
inventory.brand,79,ashko
inventory.brand,80,asics
inventory.brand,81,athena
inventory.brand,82,athena aexander
inventory.brand,83,athetech
inventory.brand,84,attention
inventory.brand,85,auditions
inventory.brand,86,audrey brooke
inventory.brand,87,austraia luxe
inventory.brand,88,avanti
inventory.brand,89,avia
inventory.brand,90,avon
inventory.brand,91,axxiom
inventory.brand,92,azura
inventory.brand,93,b. makowsky
inventory.brand,94,b.o.c
inventory.brand,95,b.o.c.
inventory.brand,96,babe
inventory.brand,97,babe.
inventory.brand,98,baboat
inventory.brand,99,badgey mischka
inventory.brand,100,baffin
inventory.brand,101,baenciaga
inventory.brand,102,ballasox
inventory.brand,103,bamboo
inventory.brand,104,bamboo54
inventory.brand,105,bandoino
inventory.brand,106,bar iii
inventory.brand,107,bare traps
inventory.brand,108,barefooters
inventory.brand,109,baretraps
inventory.brand,110,basic editions
inventory.brand,111,baske caifornia
inventory.brand,112,bc
inventory.brand,113,bc footwear
inventory.brand,114,bcbg
inventory.brand,115,bcbg max azria
inventory.brand,116,bcbg paris
inventory.brand,117,bcbgeneraltion
inventory.brand,118,be comfortabe by bondo
inventory.brand,119,beacon
inventory.brand,120,beacon shoes
inventory.brand,121,bearpaw
inventory.brand,122,beautifee
inventory.brand,123,beautifeet
inventory.brand,124,bebe
inventory.brand,125,bebe sport
inventory.brand,126,bed stu
inventory.brand,127,bedroom athetics
inventory.brand,128,bea marie
inventory.brand,129,bella marie
inventory.brand,130,bea vita
inventory.brand,131,bella vita
inventory.brand,132,belle by sigerson morrison
inventory.brand,133,bee sigerson morrison
inventory.brand,134,beini
inventory.brand,135,benjamin adams london
inventory.brand,136,benjamin wak
inventory.brand,137,berkemann
inventory.brand,138,bernardo footwear
inventory.brand,139,bernie
inventory.brand,140,bernie mev
inventory.brand,141,bernie mev.
inventory.brand,142,beston
inventory.brand,143,betani
inventory.brand,144,bettie page
inventory.brand,145,betty boop signature product
inventory.brand,146,bettye by bettye muller
inventory.brand,147,bettye muer
inventory.brand,148,betua
inventory.brand,149,big buddha
inventory.brand,150,biabong
inventory.brand,151,bioword
inventory.brand,152,bioworld
inventory.brand,153,birkenstock
inventory.brand,154,birkis
inventory.brand,155,bite
inventory.brand,156,bk
inventory.brand,157,bl
inventory.brand,158,bancho bedding
inventory.brand,159,bazin roxx
inventory.brand,160,boch
inventory.brand,161,bondo
inventory.brand,162,bowfish
inventory.brand,163, tongue
inventory.brand,164,bundstone
inventory.brand,165,bushe
inventory.brand,166,bobs by skechers
inventory.brand,167,bogner fire + ice
inventory.brand,168,bogs
inventory.brand,169,bokos
inventory.brand,170,bongo
inventory.brand,171,bonnibe
inventory.brand,172,booroo
inventory.brand,173,bootsitootsi
inventory.brand,174,bordeo
inventory.brand,175,borea
inventory.brand,176,born
inventory.brand,177,born to accessorize
inventory.brand,178,bouet
inventory.brand,179,boutique 58
inventory.brand,180,boutique 9
inventory.brand,181,bp.
inventory.brand,182,brahma
inventory.brand,183,breckees
inventory.brand,184,brianna leigh
inventory.brand,185,briney co.
inventory.brand,186,britche
inventory.brand,187,bronx
inventory.brand,188,brooks
inventory.brand,189,bruno magi
inventory.brand,190,bsi
inventory.brand,191,bucco capensis
inventory.brand,192,buk buys
inventory.brand,193,buova
inventory.brand,194,bumper
inventory.brand,195,burberry
inventory.brand,196,burnetie
inventory.brand,197,burton
inventory.brand,198,bussoa stye
inventory.brand,199,butterfy twists
inventory.brand,200,buyenarge
inventory.brand,201,bzees
inventory.brand,202,c labe
inventory.brand,203,c label
inventory.brand,204,ccinzia araia
inventory.brand,205,caifornia costume
inventory.brand,206,ca it spring
inventory.brand,207,caaway
inventory.brand,208,caaway footwear
inventory.brand,209,caisto
inventory.brand,210,cavin klein
inventory.brand,211,cavin klein ck
inventory.brand,212,cavin klein jeans
inventory.brand,213,camper together
inventory.brand,214,canyon river s
inventory.brand,215,caparros
inventory.brand,216,cape robbin
inventory.brand,217,capei
inventory.brand,218,capezio
inventory.brand,219,caressa
inventory.brand,220,carhartt
inventory.brand,221,caros by caros santana
inventory.brand,222,caros santana
inventory.brand,223,caroe hochman
inventory.brand,224,caroinna espinosa
inventory.brand,225,carrano
inventory.brand,226,carrini
inventory.brand,227,cat
inventory.brand,228,caterpiar
inventory.brand,229,ccilu
inventory.brand,230,ceciia undercover
inventory.brand,231,ceebrity 
inventory.brand,232,ceeste
inventory.brand,233,cesare paciotti
inventory.brand,234,cfd
inventory.brand,235,chaco
inventory.brand,236,chaps
inventory.brand,237,charades
inventory.brand,238,chares abert
inventory.brand,239,chares by chares david
inventory.brand,240,chares david
inventory.brand,241,charotte oympia
inventory.brand,242,chary amar
inventory.brand,243,charter cub
inventory.brand,244,chase & choe
inventory.brand,245,chass
inventory.brand,246,cheeks
inventory.brand,247,chesea & zoe
inventory.brand,248,chesea crew
inventory.brand,249,chie mihara
inventory.brand,250,chinese laundry
inventory.brand,251,choe
inventory.brand,252,christian louboutin
inventory.brand,253,circa joan & david
inventory.brand,254,circus by sam edeman
inventory.brand,255,city cassified
inventory.brand,256,citycassified
inventory.brand,257,cl by laundry
inventory.brand,258,carisse
inventory.brand,259,carks
inventory.brand,260,carks artisan
inventory.brand,261,carks artisan coection
inventory.brand,262,carks coection
inventory.brand,263,cassique
inventory.brand,264,ceopatra
inventory.brand,265,ciffs by mountain
inventory.brand,266,coach
inventory.brand,267,cobb hi
inventory.brand,268,cobb hi by baance
inventory.brand,269,cobb hill by balance
inventory.brand,270,cobian
inventory.brand,271,coclico
inventory.brand,272,coconuts by matisse
inventory.brand,273,cod front
inventory.brand,274,coe haan
inventory.brand,275,coegiate surf & sport
inventory.brand,276,cooni
inventory.brand,277,coorfu creations
inventory.brand,278,cooriffics
inventory.brand,279,coumbia
inventory.brand,280,columbia
inventory.brand,281,comfort ease
inventory.brand,282,comfort pus by predictions
inventory.brand,283,comfy feet
inventory.brand,284,converse
inventory.brand,285,corkys
inventory.brand,286,corkys footwear
inventory.brand,287,corkys footwear inc.
inventory.brand,288,corra
inventory.brand,289,corso como
inventory.brand,290,costumefit
inventory.brand,291,cougar
inventory.brand,292,covington
inventory.brand,293,cr
inventory.brand,294,crazy slippers
inventory.brand,295,crocs
inventory.brand,296,croft & barrow
inventory.brand,297,crysta case
inventory.brand,298,ctm
inventory.brand,299,cudas
inventory.brand,300,cushe
inventory.brand,301,cvs
inventory.brand,302,cynthia rowey
inventory.brand,303,daiyshoes
inventory.brand,304,dan post
inventory.brand,305,dana davis
inventory.brand,306,dance cass
inventory.brand,307,dancenwear
inventory.brand,308,danie green
inventory.brand,309,danner
inventory.brand,310,danshuz
inventory.brand,311,danskin now
inventory.brand,312,dansko
inventory.brand,313,david tate
inventory.brand,314,dawgs
inventory.brand,315,dbdk fashion
inventory.brand,316,dc comics
inventory.brand,317,dd
inventory.brand,318,ddi
inventory.brand,319,de bossom coection
inventory.brand,320,de blossom collection
inventory.brand,321,dearfoams
inventory.brand,322,dearfoams - rg barry corp.
inventory.brand,323,dearforms
inventory.brand,324,deicious
inventory.brand,325,deman
inventory.brand,326,delman
inventory.brand,327,deuxe comfort
inventory.brand,328,demonia
inventory.brand,329,derek lam
inventory.brand,330,derek lam 1 crosby
inventory.brand,331,desigua
inventory.brand,332,devious
inventory.brand,333,dexter
inventory.brand,334,df by dearfoams
inventory.brand,335,dg hi
inventory.brand,336,diamondback
inventory.brand,337,diane von furstenberg
inventory.brand,338,diba
inventory.brand,339,diba true
inventory.brand,340,diba.true
inventory.brand,341,diehard
inventory.brand,342,diese
inventory.brand,343,dije caifornia
inventory.brand,344,dimecity
inventory.brand,345,dingo
inventory.brand,346,dirty laundry
inventory.brand,347,disguise costumes
inventory.brand,348,disney
inventory.brand,349,dizzy
inventory.brand,350,dkny
inventory.brand,351,doce & gabbana
inventory.brand,352,doce by mojo moxy
inventory.brand,353,dolce by mojo moxy
inventory.brand,354,doce vita
inventory.brand,355,doce&gabbana
inventory.brand,356,dohouse
inventory.brand,357,domba
inventory.brand,358,donad j piner
inventory.brand,359,dr schos
inventory.brand,360,dr. comfort
inventory.brand,361,dr. martens
inventory.brand,362,dr. martens air wair
inventory.brand,363,dr. schos
inventory.brand,364,dr. wei
inventory.brand,365,dream out loud by seena gomez
inventory.brand,366,drew
inventory.brand,367,drew shoe
inventory.brand,368,dromedaris
inventory.brand,369,dsol basic
inventory.brand,370,dune london
inventory.brand,371,dunhu
inventory.brand,372,durango
inventory.brand,373,dv by doce vita
inventory.brand,374,dv8 by doce vita
inventory.brand,375,dyeabes
inventory.brand,376,e! live from the red carpet
inventory.brand,377,earth
inventory.brand,378,earth origins
inventory.brand,379,earth spirit
inventory.brand,380,east 5th
inventory.brand,381,eastand
inventory.brand,382,eastory
inventory.brand,383,easy spirit
inventory.brand,384,easy spirit e36
inventory.brand,385,easy street
inventory.brand,386,easy usa
inventory.brand,387,easycomforts
inventory.brand,388,ecco
inventory.brand,389,ed een degeneres
inventory.brand,390,ed hardy
inventory.brand,391,eight second ange
inventory.brand,392,eighty4
inventory.brand,393,eieen fisher
inventory.brand,394,e naturaista
inventory.brand,395,eectric karma
inventory.brand,396,eie tahari
inventory.brand,397,eites
inventory.brand,398,eites by waking crades
inventory.brand,399,eizabeth and james
inventory.brand,400,een tracy
inventory.brand,401,ellen tracy
inventory.brand,402,eie
inventory.brand,403,ellie shoes
inventory.brand,404,eie shoes
inventory.brand,405,eiott lucca
inventory.brand,406,emozioni
inventory.brand,407,emporio armani
inventory.brand,408,emu
inventory.brand,409,emu austraia
inventory.brand,410,enimay
inventory.brand,411,enmayer
inventory.brand,412,enzo angioini
inventory.brand,413,eric michae
inventory.brand,414,eric michae oasabbia
inventory.brand,415,esprit
inventory.brand,416,etienne aigner
inventory.brand,417,eurosoft by sofft
inventory.brand,418,evan picone
inventory.brand,419,everastreg
inventory.brand,420,everybody by bz moda
inventory.brand,421,evov
inventory.brand,422,exe by tsakiris mallas
inventory.brand,423,express
inventory.brand,424,extersteps
inventory.brand,425,fabrique
inventory.brand,426,fabuicious
inventory.brand,427,fabuous footwear
inventory.brand,428,faded gory
inventory.brand,429,fahrenheit
inventory.brand,430,famous name brand
inventory.brand,431,fashion focus
inventory.brand,432,feiyue.
inventory.brand,433,fendi
inventory.brand,434,fergaicious
inventory.brand,435,fergie
inventory.brand,436,fergie footwear
inventory.brand,437,ferragamo
inventory.brand,438,ferrini
inventory.brand,439,ferriniusa
inventory.brand,440,ffc york
inventory.brand,441,fic
inventory.brand,442,fidji
inventory.brand,443,fiel
inventory.brand,444,fie
inventory.brand,445,fia
inventory.brand,446,finn comfort
inventory.brand,447,fiorentini + baker
inventory.brand,448,fireside casuals
inventory.brand,449,fit fop
inventory.brand,450,fitfop
inventory.brand,451,fitkicks
inventory.brand,452,fl
inventory.brand,453,fla orthopedics
inventory.brand,454,fexus by spring step
inventory.brand,455,fogg
inventory.brand,456,fojos
inventory.brand,457,fy london
inventory.brand,458,footjoy
inventory.brand,459,footzyros
inventory.brand,460,forever
inventory.brand,461,forever coectibe
inventory.brand,462,forever link
inventory.brand,463,fourever funky
inventory.brand,464,fox
inventory.brand,465,franco sarto
inventory.brand,466,fratei rossetti
inventory.brand,467,free peope
inventory.brand,468,freebird by steven
inventory.brand,469,french connection
inventory.brand,470,french soe
inventory.brand,471,frye
inventory.brand,472,fsny
inventory.brand,473,funtasma
inventory.brand,474,funtasmpeaser
inventory.brand,475,fuzzy footies
inventory.brand,476,g antini
inventory.brand,477,g by guess
inventory.brand,478,g.c. shoes
inventory.brand,479,g.h. bass & co.
inventory.brand,480,g.i.l.i.
inventory.brand,481,gabor
inventory.brand,482,gama studio
inventory.brand,483,gameday boots
inventory.brand,484,gc
inventory.brand,485,gc shoes
inventory.brand,486,generic
inventory.brand,487,generic surpus
inventory.brand,488,gente sous
inventory.brand,489,genuine dickies
inventory.brand,490,genuine grip
inventory.brand,491,genuine grip footwear
inventory.brand,492,george
inventory.brand,493,geox
inventory.brand,494,giamia
inventory.brand,495,giani bernini
inventory.brand,496,giro
inventory.brand,497,giuseppe zanotti
inventory.brand,498,givenchy
inventory.brand,499,geader
inventory.brand,500,gister
inventory.brand,501,go
inventory.brand,502,godinger
inventory.brand,503,goa
inventory.brand,504,god toe
inventory.brand,505,goden goose
inventory.brand,506,golfstream
inventory.brand,507,gotta furt
inventory.brand,508,gourmet
inventory.brand,509,grasshoppers
inventory.brand,510,gravity defyer
inventory.brand,511,grazie
inventory.brand,512,grendene
inventory.brand,513,groove
inventory.brand,514,gubize
inventory.brand,515,gucci
inventory.brand,516,guess
inventory.brand,517,gu shoes
inventory.brand,518,guppy love
inventory.brand,519,gx by gwen stefani
inventory.brand,520,h by haston
inventory.brand,521,h by hudson
inventory.brand,522,hadari
inventory.brand,523,hades
inventory.brand,524,haflinger
inventory.brand,525,hafinger
inventory.brand,526,haiey jeans co.
inventory.brand,527,haogen
inventory.brand,528,harey-davidson
inventory.brand,529,harry potter
inventory.brand,530,harve benard
inventory.brand,531,hatey
inventory.brand,532,havaianas
inventory.brand,533,heart sou
inventory.brand,534,heaveny comfort
inventory.brand,535,helle comfort
inventory.brand,536,hee comfort
inventory.brand,537,heo kitty
inventory.brand,538,hey hansen
inventory.brand,539,hemut lang
inventory.brand,540,henry ferrera coection
inventory.brand,541,henry ferrera york
inventory.brand,542,herve leger
inventory.brand,543,hinge
inventory.brand,544,hi-tec
inventory.brand,545,hogan
inventory.brand,546,hogan by tods
inventory.brand,547,hoka one one
inventory.brand,548,hortense b. hewitt
inventory.brand,549,hounds
inventory.brand,550,house of dereon
inventory.brand,551,house of harow 196
inventory.brand,552,hunter
inventory.brand,553,hush puppies
inventory.brand,554,hustler
inventory.brand,555,i heart collection
inventory.brand,556,ib eva slippers
inventory.brand,557,icebug
inventory.brand,558,ise jacobsen
inventory.brand,559,ise jacobsen hornbaek
inventory.brand,560,ilse jacobsen hornbaek
inventory.brand,561,im link
inventory.brand,562,iman
inventory.brand,563,impo
inventory.brand,564,inc internationa concepts
inventory.brand,565,inc international concepts
inventory.brand,566,indian seections
inventory.brand,567,indigo rd.
inventory.brand,568,infinity
inventory.brand,569,in-sattva
inventory.brand,570,intagia
inventory.brand,571,intagia designs
inventory.brand,572,ipanema
inventory.brand,573,i-roc
inventory.brand,574,iron fist
inventory.brand,575,isaac mizrahi
inventory.brand,576,isotoner
inventory.brand,577,issac mizrahi
inventory.brand,578,is-shirey of hoywood
inventory.brand,579,italian comfort
inventory.brand,580,itaian shoe makers
inventory.brand,581,italian shoe makers
inventory.brand,582,itaian shoemakers
inventory.brand,583,ivanka trump
inventory.brand,584,ivy kirzhner
inventory.brand,585,j shoes
inventory.brand,586,j. renee
inventory.brand,587,j.renee
inventory.brand,588,jsides
inventory.brand,589,j`s awake
inventory.brand,590,jack rogers
inventory.brand,591,jacobies
inventory.brand,592,jafa
inventory.brand,593,jambu
inventory.brand,594,jbu by jambu
inventory.brand,595,jc pay
inventory.brand,596,jeffrey campbell
inventory.brand,597,jeffrey campbe
inventory.brand,598,jeypop
inventory.brand,599,jellypop
inventory.brand,600,jessica simpson
inventory.brand,601,jewesobsession
inventory.brand,602,jig foo
inventory.brand,603,jimmy choo
inventory.brand,604,jingxiguoji
inventory.brand,605,joan & david
inventory.brand,606,joe boxer
inventory.brand,607,joes
inventory.brand,608,joes jeans
inventory.brand,609,johnathan kayne
inventory.brand,610,johnston & murphy
inventory.brand,611,joie
inventory.brand,612,jones york
inventory.brand,613,josef seibe
inventory.brand,614,josef siebe
inventory.brand,615,joseph griffin l.a. coection
inventory.brand,616,josmo
inventory.brand,617,joues
inventory.brand,618,journee coection
inventory.brand,619,joy & mario
inventory.brand,620,judith
inventory.brand,621,judith ripka
inventory.brand,622,juicy couture
inventory.brand,623,jui
inventory.brand,624,junya watanabe
inventory.brand,625,justin
inventory.brand,626,justin bair
inventory.brand,627,justin boots
inventory.brand,628,justin gypsy
inventory.brand,629,k. be
inventory.brand,630,k. be socks
inventory.brand,631,k.jacques st. tropez
inventory.brand,632,kaso earth
inventory.brand,633,kamik
inventory.brand,634,karen scott
inventory.brand,635,kate spade
inventory.brand,636,kate spade york
inventory.brand,637,kd11
inventory.brand,638,keds
inventory.brand,639,keen
inventory.brand,640,key & katie
inventory.brand,641,kesi dagger
inventory.brand,642,kelsi dagger
inventory.brand,643,kenda + kyie
inventory.brand,644,kenneth coe
inventory.brand,645,kenneth coe york
inventory.brand,646,kenneth coe ny
inventory.brand,647,kenneth coe reaction
inventory.brand,648,kenneth coe unisted
inventory.brand,649,kensie
inventory.brand,650,keuka suregrip
inventory.brand,651,khombu
inventory.brand,652,kickers
inventory.brand,653,kim rogers
inventory.brand,654,kogs
inventory.brand,655,kub nico
inventory.brand,656,kodiak
inventory.brand,657,kooaburra
inventory.brand,658,kork-ease
inventory.brand,659,korks
inventory.brand,660,korks by kork-ease
inventory.brand,661,k-swiss
inventory.brand,662,l.a. beauty
inventory.brand,663,l.a.m.b.
inventory.brand,664,l.k. bennett
inventory.brand,665,la banca
inventory.brand,666,la canadienne
inventory.brand,667,la gear
inventory.brand,668,la pume
inventory.brand,669,la sportiva
inventory.brand,670,lacoste
inventory.brand,671,lacrosse
inventory.brand,672,lamo
inventory.brand,673,lamo footwear
inventory.brand,674,lamo sheepskin inc
inventory.brand,675,lamour des pieds
inventory.brand,676,landau
inventory.brand,677,lane boots
inventory.brand,678,lanvin
inventory.brand,679,lartiste
inventory.brand,680,lartiste by spring step
inventory.brand,681,latigo
inventory.brand,682,lauren by raph lauren
inventory.brand,683,lauren lorraine
inventory.brand,684,lauren raph lauren
inventory.brand,685,le chameau
inventory.brand,686,le suit
inventory.brand,687,leg avenue
inventory.brand,688,legendary tais
inventory.brand,689,leisureand
inventory.brand,690,levis
inventory.brand,691,lfl
inventory.brand,692,liberty black
inventory.brand,693,life is good
inventory.brand,694,life stride
inventory.brand,695,lifestride
inventory.brand,696,lia suregrip
inventory.brand,697,liliana
inventory.brand,698,liian rose
inventory.brand,699,liz caiborne
inventory.brand,700,ll
inventory.brand,701,loeffer randa
inventory.brand,702,logo by lori godstein
inventory.brand,703,loa cruz
inventory.brand,704,loa sabbia
inventory.brand,705,louise et cie
inventory.brand,706,lowa
inventory.brand,707,lucchese
inventory.brand,708,lucky
inventory.brand,709,lucky brand
inventory.brand,710,lugz
inventory.brand,711,luichiny
inventory.brand,712,luo luo
inventory.brand,713,luoluo
inventory.brand,714,luxury divas
inventory.brand,715,luxury rebe
inventory.brand,716,m&f western
inventory.brand,717,m.f.
inventory.brand,718,m.g.
inventory.brand,719,machi
inventory.brand,720,madden gir
inventory.brand,721,madeine
inventory.brand,722,madeine gir
inventory.brand,723,madison harding
inventory.brand,724,magdesians
inventory.brand,725,makers shoes
inventory.brand,726,malone souliers
inventory.brand,727,manitobah
inventory.brand,728,manoo bahnik
inventory.brand,729,marc by marc jacobs
inventory.brand,730,marc fisher
inventory.brand,731,marc fisher ltd
inventory.brand,732,marc joseph
inventory.brand,733,marchez vous
inventory.brand,734,maria sharapovcoe haan
inventory.brand,735,mark and maddux
inventory.brand,736,mark lemp by waking crades
inventory.brand,737,marni
inventory.brand,738,martino
inventory.brand,739,mary pepper
inventory.brand,740,materia gir
inventory.brand,741,matiko
inventory.brand,742,matt bernson
inventory.brand,743,max mara
inventory.brand,744,mbt
inventory.brand,745,mcm
inventory.brand,746,mcrae industria
inventory.brand,747,me too
inventory.brand,748,medine
inventory.brand,749,meampus
inventory.brand,750,meissa
inventory.brand,751,mellow walk
inventory.brand,752,menbur
inventory.brand,753,mephisto
inventory.brand,754,mercanti fiorentini
inventory.brand,755,merre
inventory.brand,756,metaphor
inventory.brand,757,mezzo
inventory.brand,758,mi.im
inventory.brand,759,mia
inventory.brand,760,mia gir
inventory.brand,761,mia heritage
inventory.brand,762,mia limited edition
inventory.brand,763,micahe kors
inventory.brand,764,michae antonio
inventory.brand,765,michae antonioreg
inventory.brand,766,michae kors
inventory.brand,767,michael michae kors
inventory.brand,768,michae michae kors
inventory.brand,769,miista
inventory.brand,770,mies kimba
inventory.brand,771,minibasics
inventory.brand,772,minnetonka
inventory.brand,773,minnie mouse
inventory.brand,774,mirage pet products
inventory.brand,775,mirandmiranda lambert
inventory.brand,776,missoni
inventory.brand,777,miu miu
inventory.brand,778,mix no 6
inventory.brand,779,miz mooz
inventory.brand,780,mizuno
inventory.brand,781,mjus
inventory.brand,782,mlb
inventory.brand,783,mo mo
inventory.brand,784,mobis by mephisto
inventory.brand,785,moda essentias
inventory.brand,786,moda refex
inventory.brand,787,modern rush
inventory.brand,788,modit
inventory.brand,789,modzori
inventory.brand,790,mojo moxy
inventory.brand,791,moksha imports
inventory.brand,792,montana
inventory.brand,793,montrai
inventory.brand,794,moogyz
inventory.brand,795,mootsies tootsies
inventory.brand,796,morris
inventory.brand,797,morris costumes
inventory.brand,798,moschino
inventory.brand,799,mossimo
inventory.brand,800,mossy oak
inventory.brand,801,mountrek
inventory.brand,802,mozo
inventory.brand,803,msmushroom
inventory.brand,804,mtng orignas
inventory.brand,805,muck boot
inventory.brand,806,mudd
inventory.brand,807,muk luks
inventory.brand,808,muk luks a la mode
inventory.brand,809,muk luks174
inventory.brand,810,munro
inventory.brand,811,munro american
inventory.brand,812,n.y.l.a.
inventory.brand,813,naot
inventory.brand,814,naot footwear
inventory.brand,815,native
inventory.brand,816,natura sou
inventory.brand,817,natura word
inventory.brand,818,naturaizer
inventory.brand,819,naturalsoul by naturalizer
inventory.brand,820,nature breeze
inventory.brand,821,naughty monkey
inventory.brand,822,nautica
inventory.brand,823,nautius safety footwear
inventory.brand,824,naya
inventory.brand,825,nbsp
inventory.brand,826,ncaa
inventory.brand,827,neosport
inventory.brand,828,baance
inventory.brand,829,balance
inventory.brand,830,directions
inventory.brand,831,titude
inventory.brand,832,ttitude
inventory.brand,833,nfl
inventory.brand,834,nichoas kirkwood
inventory.brand,835,nicoe
inventory.brand,836,nike
inventory.brand,837,nina
inventory.brand,838,nina originas
inventory.brand,839,nine west
inventory.brand,840,nine west vintage america coection
inventory.brand,841,no map
inventory.brand,842,no rues
inventory.brand,843,nocona boots
inventory.brand,844,nomad
inventory.brand,845,non-branded
inventory.brand,846,norm thompson
inventory.brand,847,northside
inventory.brand,848,not appicabe
inventory.brand,849,not rated
inventory.brand,850,notfound
inventory.brand,851,novica
inventory.brand,852,nufoot
inventory.brand,853,nufootï¿½ï¿½ï¿½
inventory.brand,854,nurse mates
inventory.brand,855,nyvip
inventory.brand,856,oboz
inventory.brand,857,oh!
inventory.brand,858,oka bee
inventory.brand,859,okabashi
inventory.brand,860,od friend
inventory.brand,861,od gringo
inventory.brand,862,old navy
inventory.brand,863,oivia mier
inventory.brand,864,oukai
inventory.brand,865,om
inventory.brand,866,onea
inventory.brand,867,onguard
inventory.brand,868,onitsuka tiger
inventory.brand,869,onycherry
inventory.brand,870,oofos
inventory.brand,871,op
inventory.brand,872,opening ceremony
inventory.brand,873,oregon mudders
inventory.brand,874,orimar
inventory.brand,875,orthahee
inventory.brand,876,orthofeet
inventory.brand,877,otbt
inventory.brand,878,outaw
inventory.brand,879,oxu
inventory.brand,880,ozark trai
inventory.brand,881,p&w york
inventory.brand,882,pacific trail
inventory.brand,883,pajar
inventory.brand,884,pajar174
inventory.brand,885,papiio
inventory.brand,886,papillio
inventory.brand,887,paprika
inventory.brand,888,parents choice
inventory.brand,889,paris hiton
inventory.brand,890,pas de rouge
inventory.brand,891,patagonia
inventory.brand,892,patricia green
inventory.brand,893,patrizia
inventory.brand,894,patrizispring step
inventory.brand,895,patrizia pepe
inventory.brand,896,patterson medica
inventory.brand,897,pau andrew
inventory.brand,898,pau green
inventory.brand,899,pazzo
inventory.brand,900,pear izumi
inventory.brand,901,pedi couture
inventory.brand,902,pee moda
inventory.brand,903,penny loves kenny
inventory.brand,904,persona identity
inventory.brand,905,pikoinos
inventory.brand,906,piow paws
inventory.brand,907,pin up
inventory.brand,908, & pepper
inventory.brand,909, paradox london
inventory.brand,910,pinup couture
inventory.brand,911,peaser
inventory.brand,912,pleaser
inventory.brand,913,peaser shoes
inventory.brand,914,peaser usa inc.
inventory.brand,915,peaserusa
inventory.brand,916,puie puie
inventory.brand,917,poetic licence
inventory.brand,918,pokemon
inventory.brand,919,poo raph lauren
inventory.brand,920,portand boot company
inventory.brand,921,posey
inventory.brand,922,posh weies
inventory.brand,923,pour la victoire
inventory.brand,924,prada
inventory.brand,925,praerie
inventory.brand,926,primigi
inventory.brand,927,prince
inventory.brand,928,prine business enterprises
inventory.brand,929,prine pastics
inventory.brand,930,pro line
inventory.brand,931,propet
inventory.brand,932,propper
inventory.brand,933,proxy
inventory.brand,934,puma
inventory.brand,935,qupid
inventory.brand,936,r.b..s.
inventory.brand,937,rache
inventory.brand,938,rache rache roy
inventory.brand,939,rache roy
inventory.brand,940,rache zoe
inventory.brand,941,rafters
inventory.brand,942,rag & bone
inventory.brand,943,rainbow
inventory.brand,944,rainbow sandalls
inventory.brand,945,raph lauren
inventory.brand,946,ralph lauren
inventory.brand,947,raph lauren denim suppy
inventory.brand,948,ramon tenza
inventory.brand,949,rampage
inventory.brand,950,ranger
inventory.brand,951,reatree
inventory.brand,952,reba
inventory.brand,953,rebecca minkoff
inventory.brand,954,rebes
inventory.brand,955,red circe
inventory.brand,956,red vaentino
inventory.brand,957,reebok
inventory.brand,958,reef
inventory.brand,959,refresh
inventory.brand,960,reiker
inventory.brand,961,remonte
inventory.brand,962,reneeze
inventory.brand,963,report
inventory.brand,964,report signature
inventory.brand,965,re-soe
inventory.brand,966,restricted
inventory.brand,967,riato
inventory.brand,968,rider
inventory.brand,969,rieker
inventory.brand,970,rieker-antistress
inventory.brand,971,riverberry
inventory.brand,972,rjs fuzzies
inventory.brand,973,robert cergerie
inventory.brand,974,roces
inventory.brand,975,rock & candy
inventory.brand,976,rocket dog
inventory.brand,977,rocket dog brands llc
inventory.brand,978,rockport
inventory.brand,979,rocsoc
inventory.brand,980,romantic soes
inventory.brand,981,roper
inventory.brand,982,ros hommerson
inventory.brand,983,rose petas by waking crades
inventory.brand,984,route 66
inventory.brand,985,roxy
inventory.brand,986,roya eastics
inventory.brand,987,rsvp
inventory.brand,988,rubies costumes
inventory.brand,989,rupert sanderson
inventory.brand,990,ryka
inventory.brand,991,s.c.
inventory.brand,992,sfft
inventory.brand,993,saachi
inventory.brand,994,safety gear
inventory.brand,995,saint laurent
inventory.brand,996,savatore ferragamo
inventory.brand,997,sam edeman
inventory.brand,998,sandal king
inventory.brand,999,sanita
inventory.brand,1000,sanita cogs
inventory.brand,1001,sansha
inventory.brand,1002,santoni
inventory.brand,1003,sanuk
inventory.brand,1004,sarto by franco sarto
inventory.brand,1005,saucony
inventory.brand,1006,sbicca
inventory.brand,1007,scarpa
inventory.brand,1008,schutz
inventory.brand,1009,scott
inventory.brand,1010,seavees
inventory.brand,1011,sebago
inventory.brand,1012,sebastian miano
inventory.brand,1013,secureï¿½ï¿½
inventory.brand,1014,see by choe
inventory.brand,1015,servus
inventory.brand,1016,sesame street
inventory.brand,1017,sesto meucci
inventory.brand,1018,seycheels
inventory.brand,1019,shellys london
inventory.brand,1020,sheys london
inventory.brand,1021,shesoe
inventory.brand,1022,shimano
inventory.brand,1023,shoes for crews
inventory.brand,1024,shoes of prey
inventory.brand,1025,shoes of soul
inventory.brand,1026,shoes8teen
inventory.brand,1027,shoevibe
inventory.brand,1028,sidekick
inventory.brand,1029,siver liy
inventory.brand,1030,siverts
inventory.brand,1031,simone rocha
inventory.brand,1032,simpe
inventory.brand,1033,simpicity
inventory.brand,1034,skadoo
inventory.brand,1035,skechers
inventory.brand,1036,skechers usa
inventory.brand,1037,skidders
inventory.brand,1038,slm
inventory.brand,1039,soggers
inventory.brand,1040,soosh
inventory.brand,1041,sm
inventory.brand,1042,sm york
inventory.brand,1043,so for her
inventory.brand,1044,soda
inventory.brand,1045,sofft
inventory.brand,1046,soft science
inventory.brand,1047,soft stye
inventory.brand,1048,soft stye by hush puppies
inventory.brand,1049,soft-fit
inventory.brand,1050,softspots
inventory.brand,1051,softwak
inventory.brand,1052,soe
inventory.brand,1053,soe society
inventory.brand,1054,soesenseabiity
inventory.brand,1055,soudos
inventory.brand,1056,sondoongmart
inventory.brand,1057,sophia webster
inventory.brand,1058,sorel
inventory.brand,1059,sore
inventory.brand,1060,speed limit 98
inventory.brand,1061,speedo
inventory.brand,1062,spenco
inventory.brand,1063,sperry
inventory.brand,1064,sperry top sider
inventory.brand,1065,sperry top-sider
inventory.brand,1066,spira
inventory.brand,1067,spirit moda
inventory.brand,1068,spendid
inventory.brand,1069,sporto
inventory.brand,1070,spring
inventory.brand,1071,spring step
inventory.brand,1072,staheekum
inventory.brand,1073,static fashion
inventory.brand,1074,static footwear
inventory.brand,1075,stee 
inventory.brand,1076,stea mccartney
inventory.brand,1077,stetson
inventory.brand,1078,steve madden
inventory.brand,1079,steven by steve madden
inventory.brand,1080,steven steve madden
inventory.brand,1081,stokton
inventory.brand,1082,storm
inventory.brand,1083,strand import
inventory.brand,1084,stuart weitzman
inventory.brand,1085,studswar
inventory.brand,1086,stye & co
inventory.brand,1087,stye & co.
inventory.brand,1088,sugar
inventory.brand,1089,summit
inventory.brand,1090,summit fashions
inventory.brand,1091,summitfashions
inventory.brand,1092,sunny feet
inventory.brand,1093,sunrolan
inventory.brand,1094,sunvie
inventory.brand,1095,superfit
inventory.brand,1096,superga
inventory.brand,1097,sweet baerina
inventory.brand,1098,t k
inventory.brand,1099,t.s.
inventory.brand,1100,tactica 5.11
inventory.brand,1101,tahari
inventory.brand,1102,tabots
inventory.brand,1103,tamara meon
inventory.brand,1104,tamarac
inventory.brand,1105,tamaris
inventory.brand,1106,taos
inventory.brand,1107,taryn rose
inventory.brand,1108,team fortress
inventory.brand,1109,tecnica
inventory.brand,1110,tecs
inventory.brand,1111,ted baker london
inventory.brand,1112,teic
inventory.brand,1113,tender tootsies
inventory.brand,1114,tenth frame
inventory.brand,1115,tesh
inventory.brand,1116,tesori
inventory.brand,1117,teva
inventory.brand,1118,thaia sodi
inventory.brand,1119,the fexx
inventory.brand,1120,the flexx
inventory.brand,1121,the highest hee
inventory.brand,1122,the north face
inventory.brand,1123,the origina muck boot company
inventory.brand,1124,the petting zoo
inventory.brand,1125,the sak
inventory.brand,1126,the waking crade company
inventory.brand,1127,theatricals dance footwear
inventory.brand,1128,themogan
inventory.brand,1129,thinkgeek
inventory.brand,1130,thirty-one
inventory.brand,1131,thorogood
inventory.brand,1132,tiara
inventory.brand,1133,tidewater
inventory.brand,1134,timberand
inventory.brand,1135,timberand earthkeepers
inventory.brand,1136,timberand pro
inventory.brand,1137,timeess toys
inventory.brand,1138,tkees
inventory.brand,1139,tods
inventory.brand,1140,toe warmers
inventory.brand,1141,toi et moi
inventory.brand,1142,tommy bahama
inventory.brand,1143,tommy hifiger
inventory.brand,1144,toms
inventory.brand,1145,toms shoes
inventory.brand,1146,tony lama
inventory.brand,1147,tony lama boot co.
inventory.brand,1148,top moda
inventory.brand,1149,topshop
inventory.brand,1150,toptie
inventory.brand,1151,tory burch
inventory.brand,1152,totes
inventory.brand,1153,totes isotoner
inventory.brand,1154,touch ups
inventory.brand,1155,touch ups by benjamin wak
inventory.brand,1156,touchstone
inventory.brand,1157,townforst
inventory.brand,1158,transpack
inventory.brand,1159,trask
inventory.brand,1160,tred mates
inventory.brand,1161,tredsafe
inventory.brand,1162,tretorn
inventory.brand,1163,trina turk
inventory.brand,1164,troentorp bastad cogs
inventory.brand,1165,tropica escape
inventory.brand,1166,trotter
inventory.brand,1167,trotters
inventory.brand,1168,true inkswear
inventory.brand,1169,tsubo
inventory.brand,1170,tundra
inventory.brand,1171,twisted
inventory.brand,1172,twisted x
inventory.brand,1173,two lips
inventory.brand,1174,two lips brand
inventory.brand,1175,u.s. poo assn.
inventory.brand,1176,u.s.a.
inventory.brand,1177,u-beauty
inventory.brand,1178,ugg
inventory.brand,1179,ugg austraia
inventory.brand,1180,unbranded
inventory.brand,1181,unbrandedgeneric
inventory.brand,1182,under armour
inventory.brand,1183,unionbay
inventory.brand,1184,unique bargains
inventory.brand,1185,uniques shop
inventory.brand,1186,unisa
inventory.brand,1187,united nude
inventory.brand,1188,universa direct brands
inventory.brand,1189,unisted
inventory.brand,1190,unisted kenneth coe
inventory.brand,1191,usa dawgs
inventory.brand,1192,vaentino
inventory.brand,1193,vaentino noir
inventory.brand,1194,value brand
inventory.brand,1195,vanei
inventory.brand,1196,vaneli
inventory.brand,1197,vans
inventory.brand,1198,vasque
inventory.brand,1199,vc signature
inventory.brand,1200,venettini
inventory.brand,1201,very fine
inventory.brand,1202,very fine dance shoes
inventory.brand,1203,very voatie
inventory.brand,1204,vestiture
inventory.brand,1205,via y
inventory.brand,1206,via spiga
inventory.brand,1207,vibram
inventory.brand,1208,vicenzo leather
inventory.brand,1209,victoria
inventory.brand,1210,victoria k.
inventory.brand,1211,viking
inventory.brand,1212,vince
inventory.brand,1213,vince camuto
inventory.brand,1214,vionic
inventory.brand,1215,vionic by orthahee
inventory.brand,1216,vionic with orthahee technoogy
inventory.brand,1217,vision street wear
inventory.brand,1218,vivienne westwood
inventory.brand,1219,vivobarefoot
inventory.brand,1220,voatie
inventory.brand,1221,vocom
inventory.brand,1222,voey
inventory.brand,1223,vybe
inventory.brand,1224,waking crades
inventory.brand,1225,walterdrake
inventory.brand,1226,wanderust
inventory.brand,1227,wanted
inventory.brand,1228,wear ever
inventory.brand,1229,western chief
inventory.brand,1230,whats what by aerosoes
inventory.brand,1231,mountain
inventory.brand,1232,wid diva
inventory.brand,1233,wid diva lounge
inventory.brand,1234,wid pair
inventory.brand,1235,wiowbee
inventory.brand,1236,wishpets
inventory.brand,1237,woky
inventory.brand,1238,woverine
inventory.brand,1239,wonder cothing
inventory.brand,1240,woorich
inventory.brand,1241,xoxo
inventory.brand,1242,xtratuf
inventory.brand,1243,yeow box
inventory.brand,1244,yiedongreen
inventory.brand,1245,yoki
inventory.brand,1246,yosi samra
inventory.brand,1247,yuu
inventory.brand,1248,yves saint laurent
inventory.brand,1249,zee aexis
inventory.brand,1250,zee line
inventory.brand,1251,zigi soho
inventory.brand,1252,zoot
inventory.brand,1253,zumba
